usage/text_units,usage/text_characters,usage/features,sentiment/document/score,sentiment/document/label,language
1,294,1,0.834847,positive,en
1,488,1,-0.908418,negative,en
1,1212,1,0.3835,positive,en
1,361,1,-0.999896,negative,en
1,454,1,-0.958432,negative,en
1,288,1,0.790884,positive,en
1,320,1,-0.376204,negative,en
1,2212,1,-0.396177,negative,en
1,168,1,-0.930615,negative,en
1,824,1,0,neutral,en
1,447,1,-0.680993,negative,en
1,1140,1,-0.994317,negative,en
1,1304,1,-0.661495,negative,en
1,405,1,-0.901168,negative,en
1,159,1,-0.330978,negative,en
1,1007,1,0.892944,positive,en
1,427,1,-0.97017,negative,en
1,1118,1,0.908522,positive,en
1,818,1,-0.989349,negative,en
1,779,1,0.608601,positive,en
1,461,1,-0.991782,negative,en
1,457,1,-0.58103,negative,en
1,345,1,-0.937114,negative,en
1,523,1,0.999909,positive,en
1,1035,1,-0.797525,negative,en
1,542,1,-0.997521,negative,en
1,1537,1,-0.971602,negative,en
1,181,1,0.325614,positive,en
1,498,1,-0.924448,negative,en
1,431,1,-0.745986,negative,en
1,588,1,-0.888294,negative,en
1,775,1,-0.936068,negative,en
1,567,1,-0.975748,negative,en
1,466,1,-0.993713,negative,en
1,546,1,0.996305,positive,en
1,495,1,-0.580216,negative,en
1,422,1,-0.522401,negative,en
1,808,1,-0.660783,negative,en
1,495,1,-0.999996,negative,en
1,210,1,0.999877,positive,en
1,1812,1,-0.817066,negative,en
1,667,1,-0.823774,negative,en
1,537,1,-0.592612,negative,en
1,2385,1,0.934021,positive,en
1,924,1,-0.44702,negative,en
1,670,1,-0.609686,negative,en
1,2323,1,0.474615,positive,en
1,767,1,-0.835773,negative,en
1,1139,1,-0.90153,negative,en
1,339,1,-0.998531,negative,en
1,598,1,0.720259,positive,en
1,190,1,-0.975791,negative,en
1,3366,1,-0.787236,negative,en
1,498,1,-0.6035,negative,en
1,1075,1,-0.988512,negative,en
1,686,1,0.980255,positive,en
1,1040,1,0.945155,positive,en
1,436,1,0.991688,positive,en
1,431,1,-0.949489,negative,en
1,1131,1,0.555983,positive,en
1,435,1,-0.436875,negative,en
1,253,1,0.460844,positive,en
1,1786,1,-0.976878,negative,en
1,435,1,-0.911209,negative,en
1,823,1,0.954779,positive,en
1,742,1,0,neutral,en
1,813,1,-0.797925,negative,en
1,1147,1,-0.60023,negative,en
1,183,1,-0.998759,negative,en
1,310,1,-0.99797,negative,en
1,251,1,-0.999942,negative,en
1,1475,1,-0.372459,negative,en
1,2820,1,-0.85182,negative,en
1,663,1,0.348871,positive,en
1,740,1,0.958653,positive,en
1,1361,1,-0.984087,negative,en
1,391,1,-0.998394,negative,en
1,1723,1,-0.767157,negative,en
1,244,1,0.80877,positive,en
1,476,1,-0.999892,negative,en
1,1511,1,-0.541607,negative,en
1,158,1,-0.509174,negative,en
1,539,1,-0.999989,negative,en
1,858,1,-0.570247,negative,en
1,460,1,-0.969952,negative,en
1,274,1,0.68907,positive,en
1,821,1,-0.838975,negative,en
1,1212,1,-0.43076,negative,en
1,2255,1,-0.60984,negative,en
1,1341,1,-0.574629,negative,en
1,1699,1,-0.963582,negative,en
1,1352,1,0,neutral,en
1,1635,1,-0.848445,negative,en
1,1819,1,-0.773804,negative,en
1,494,1,-0.980402,negative,en
1,585,1,-0.423081,negative,en
1,477,1,-0.964766,negative,en
1,432,1,-0.999988,negative,en
1,723,1,-0.902579,negative,en
1,403,1,0.916876,positive,en
1,419,1,-0.96315,negative,en
1,771,1,-0.950422,negative,en
1,622,1,-0.988827,negative,en
1,1352,1,0.680713,positive,en
1,1032,1,-0.833201,negative,en
1,790,1,-0.997619,negative,en
1,502,1,-0.66161,negative,en
1,1206,1,-0.947045,negative,en
1,426,1,-0.992635,negative,en
1,501,1,-0.999967,negative,en
1,595,1,0.999508,positive,en
1,449,1,-0.951953,negative,en
1,424,1,0.974239,positive,en
1,222,1,-0.704018,negative,en
1,1275,1,0.694442,positive,en
1,964,1,-0.99999,negative,en
1,932,1,0.670714,positive,en
1,515,1,-0.989424,negative,en
1,835,1,0.530404,positive,en
1,1609,1,0.874577,positive,en
1,1108,1,0.503837,positive,en
1,573,1,-0.770462,negative,en
1,822,1,0.438811,positive,en
1,543,1,-0.999839,negative,en
1,822,1,-0.933561,negative,en
1,437,1,0.721179,positive,en
1,743,1,-0.770752,negative,en
1,738,1,-0.640047,negative,en
1,837,1,-0.956983,negative,en
1,221,1,0.982931,positive,en
1,1791,1,-0.845715,negative,en
1,1168,1,0.978041,positive,en
1,272,1,-0.822648,negative,en
1,809,1,-0.450404,negative,en
1,786,1,-0.450298,negative,en
1,836,1,0.783246,positive,en
1,1525,1,-0.999381,negative,en
1,439,1,-0.960068,negative,en
1,499,1,-0.98568,negative,en
1,512,1,-0.998749,negative,en
1,771,1,-0.99998,negative,en
1,537,1,-0.330865,negative,en
1,377,1,-0.998221,negative,en
1,352,1,-0.949373,negative,en
1,439,1,-0.999922,negative,en
1,449,1,-0.862215,negative,en
1,300,1,-0.837615,negative,en
1,2446,1,-0.734239,negative,en
1,1207,1,0.973302,positive,en
1,1423,1,-0.99457,negative,en
1,1588,1,-0.454285,negative,en
1,923,1,-0.991398,negative,en
1,720,1,-0.714369,negative,en
1,566,1,0.692933,positive,en
1,1360,1,0.798583,positive,en
1,364,1,-0.99615,negative,en
1,883,1,-0.995632,negative,en
1,819,1,-0.998126,negative,en
1,2992,1,-0.712485,negative,en
1,529,1,-0.999034,negative,en
1,1244,1,-0.996966,negative,en
1,778,1,-0.408434,negative,en
1,607,1,-0.642922,negative,en
1,412,1,-0.993533,negative,en
1,614,1,-0.995498,negative,en
1,1235,1,-0.469887,negative,en
1,699,1,-0.959626,negative,en
1,1469,1,-0.723792,negative,en
1,715,1,-0.95069,negative,en
1,187,1,-0.99679,negative,en
1,440,1,-0.999092,negative,en
1,405,1,0.423588,positive,en
1,262,1,-0.679235,negative,en
1,1197,1,-0.996158,negative,en
1,741,1,-0.988525,negative,en
1,247,1,-0.999144,negative,en
1,435,1,0.923916,positive,en
1,757,1,-0.982519,negative,en
1,406,1,0.992581,positive,en
1,2208,1,-0.785562,negative,en
1,473,1,-0.954638,negative,en
1,249,1,-0.999531,negative,en
1,586,1,0.869745,positive,en
1,675,1,-0.919299,negative,en
1,1058,1,-0.74584,negative,en
1,528,1,-0.403538,negative,en
1,541,1,-0.995791,negative,en
1,1310,1,-0.993064,negative,en
1,383,1,-0.946233,negative,en
1,2962,1,0.679526,positive,en
1,798,1,0.458735,positive,en
1,902,1,-0.99635,negative,en
1,938,1,0.370361,positive,en
1,415,1,-0.999766,negative,en
1,1289,1,0.677253,positive,en
1,466,1,0.989246,positive,en
1,2231,1,-0.418603,negative,en
1,533,1,-0.990518,negative,en
1,517,1,-0.998882,negative,en
1,630,1,-0.742497,negative,en
1,418,1,0.975762,positive,en
1,448,1,-0.970007,negative,en
1,582,1,-0.455324,negative,en
1,1734,1,-0.717726,negative,en
1,145,1,-0.998162,negative,en
1,1236,1,-0.98909,negative,en
1,2217,1,-0.985791,negative,en
1,585,1,-0.999969,negative,en
1,721,1,0.891158,positive,en
1,595,1,-0.998052,negative,en
1,409,1,-0.958281,negative,en
1,919,1,0,neutral,en
1,459,1,-0.996091,negative,en
1,427,1,-0.956575,negative,en
1,484,1,-0.610873,negative,en
1,464,1,-0.67142,negative,en
1,489,1,0.385123,positive,en
1,750,1,-0.998149,negative,en
1,443,1,-0.982337,negative,en
1,698,1,-0.952882,negative,en
1,357,1,-0.647629,negative,en
1,505,1,-0.613637,negative,en
1,506,1,0.98596,positive,en
1,340,1,0.963411,positive,en
1,1615,1,0.86049,positive,en
1,497,1,-0.996437,negative,en
1,2837,1,-0.929456,negative,en
1,1068,1,-0.54592,negative,en
1,887,1,0.959742,positive,en
1,753,1,0.875417,positive,en
1,637,1,0.825684,positive,en
1,631,1,-0.915369,negative,en
1,382,1,0.95787,positive,en
1,1990,1,-0.88501,negative,en
1,514,1,-0.906713,negative,en
1,744,1,-0.999408,negative,en
1,150,1,0.997776,positive,en
1,564,1,-0.539737,negative,en
1,677,1,-0.996806,negative,en
1,490,1,-0.980119,negative,en
1,848,1,-0.837584,negative,en
1,811,1,-0.941438,negative,en
1,367,1,0.998783,positive,en
1,849,1,0.955453,positive,en
1,411,1,0.574434,positive,en
1,950,1,-0.764337,negative,en
1,770,1,-0.994802,negative,en
1,765,1,-0.905759,negative,en
1,593,1,-0.824546,negative,en
1,561,1,-0.998103,negative,en
1,365,1,-0.999903,negative,en
1,1606,1,-0.965791,negative,en
1,978,1,-0.735947,negative,en
1,632,1,-0.874531,negative,en
1,1242,1,-0.674919,negative,en
1,424,1,-0.834348,negative,en
1,259,1,-0.367402,negative,en
1,1027,1,0.867768,positive,en
1,440,1,0.995767,positive,en
1,545,1,0.529961,positive,en
1,613,1,-0.791,negative,en
1,464,1,0.988533,positive,en
1,2437,1,-0.522013,negative,en
1,524,1,-0.999995,negative,en
1,684,1,-0.996434,negative,en
1,372,1,-0.522542,negative,en
1,1435,1,0.388293,positive,en
1,244,1,0.487958,positive,en
1,346,1,-0.999318,negative,en
1,1406,1,-0.991598,negative,en
1,1592,1,-0.944344,negative,en
1,2122,1,-0.527331,negative,en
1,864,1,-0.805564,negative,en
1,99,1,0.99793,positive,en
1,435,1,-0.999151,negative,en
1,251,1,-0.997113,negative,en
1,453,1,0.695705,positive,en
1,544,1,-0.9997,negative,en
1,410,1,0.986595,positive,en
1,436,1,0.59084,positive,en
1,631,1,-0.735288,negative,en
1,977,1,-0.99495,negative,en
1,411,1,0.979778,positive,en
1,1570,1,-0.96344,negative,en
1,825,1,0.44415,positive,en
1,2241,1,0.668738,positive,en
1,154,1,-0.594819,negative,en
1,472,1,-0.800714,negative,en
1,406,1,-0.496502,negative,en
1,505,1,-0.989767,negative,en
1,654,1,0.956145,positive,en
1,673,1,-0.910314,negative,en
1,479,1,-0.891054,negative,en
1,358,1,0.556439,positive,en
1,1286,1,0.973326,positive,en
1,395,1,-0.464366,negative,en
1,586,1,0.768717,positive,en
1,1879,1,-0.927929,negative,en
1,407,1,0.61085,positive,en
1,352,1,0.524113,positive,en
1,544,1,-0.941785,negative,en
1,1776,1,-0.991364,negative,en
1,460,1,-0.676317,negative,en
1,1018,1,-0.841549,negative,en
1,526,1,-0.909678,negative,en
1,1657,1,-0.907517,negative,en
1,1264,1,-0.980076,negative,en
1,127,1,0.945063,positive,en
1,649,1,0.614261,positive,en
1,524,1,-0.770968,negative,en
1,397,1,-0.759113,negative,en
1,568,1,-0.955955,negative,en
1,556,1,-0.999508,negative,en
1,519,1,-0.999396,negative,en
1,630,1,-0.99607,negative,en
1,2894,1,0.475787,positive,en
1,504,1,-0.995673,negative,en
1,721,1,-0.865989,negative,en
1,495,1,-0.999516,negative,en
1,435,1,-0.988612,negative,en
1,2047,1,0.896499,positive,en
1,669,1,-0.99934,negative,en
1,2237,1,0.395206,positive,en
1,2143,1,0.562797,positive,en
1,489,1,-0.75409,negative,en
1,1138,1,-0.502001,negative,en
1,464,1,0.437945,positive,en
1,642,1,-0.671844,negative,en
1,432,1,-0.900503,negative,en
1,415,1,-0.889056,negative,en
1,1667,1,-0.85019,negative,en
1,698,1,0.909664,positive,en
1,660,1,0.543436,positive,en
1,812,1,0.655805,positive,en
1,626,1,-0.887298,negative,en
1,773,1,-0.692543,negative,en
1,137,1,0.950932,positive,en
1,160,1,0.903381,positive,en
1,669,1,-0.836155,negative,en
1,1304,1,-0.475954,negative,en
1,1523,1,-0.916505,negative,en
1,1859,1,-0.484183,negative,en
1,626,1,-0.999666,negative,en
1,932,1,-0.85683,negative,en
1,428,1,-0.94618,negative,en
1,502,1,-0.999993,negative,en
1,682,1,-0.92092,negative,en
1,858,1,0.865544,positive,en
1,624,1,0.998817,positive,en
1,555,1,-0.999999,negative,en
1,644,1,-0.999778,negative,en
1,876,1,-0.993894,negative,en
1,1626,1,-0.82206,negative,en
1,857,1,0.990791,positive,en
1,1238,1,0.978845,positive,en
1,183,1,0.681367,positive,en
1,681,1,0.361584,positive,en
1,1136,1,-0.998326,negative,en
1,396,1,0.974239,positive,en
1,1107,1,-0.536858,negative,en
1,944,1,0.990259,positive,en
1,530,1,0.635427,positive,en
1,716,1,-0.452497,negative,en
1,153,1,-0.694026,negative,en
1,745,1,0.945204,positive,en
1,434,1,-0.348405,negative,en
1,458,1,0.424601,positive,en
1,555,1,-0.752446,negative,en
1,575,1,0.618176,positive,en
1,163,1,-0.918369,negative,en
1,1282,1,0.82672,positive,en
1,320,1,0.786922,positive,en
1,1345,1,-0.96526,negative,en
1,783,1,-0.902745,negative,en
1,435,1,0.816762,positive,en
1,690,1,-0.487425,negative,en
1,676,1,0.372358,positive,en
1,614,1,-0.491251,negative,en
1,1101,1,-0.847712,negative,en
1,208,1,-0.971686,negative,en
1,983,1,-0.958103,negative,en
1,446,1,-0.989936,negative,en
1,160,1,-0.898502,negative,en
1,560,1,0.95512,positive,en
1,1009,1,0.507674,positive,en
1,2021,1,-0.731305,negative,en
1,971,1,-0.996826,negative,en
1,586,1,-0.995112,negative,en
1,911,1,0.411155,positive,en
1,163,1,0.929234,positive,en
1,614,1,-0.994169,negative,en
1,536,1,-0.998292,negative,en
1,405,1,-0.996766,negative,en
1,509,1,-0.963492,negative,en
1,582,1,-0.331825,negative,en
1,453,1,-0.999991,negative,en
1,224,1,0.992294,positive,en
1,2068,1,-0.918068,negative,en
1,573,1,0.989658,positive,en
1,1997,1,0.758795,positive,en
1,1092,1,-0.969568,negative,en
1,905,1,-0.999805,negative,en
1,513,1,0.580374,positive,en
1,2056,1,0.787907,positive,en
1,431,1,-0.999431,negative,en
1,590,1,0.582804,positive,en
1,301,1,0.999994,positive,en
1,1350,1,0.880466,positive,en
1,1305,1,-0.808002,negative,en
1,426,1,0.992959,positive,en
1,878,1,-0.670982,negative,en
1,481,1,-0.341336,negative,en
1,1377,1,-0.684782,negative,en
1,183,1,-0.770144,negative,en
1,253,1,-0.997983,negative,en
1,2243,1,-0.671763,negative,en
1,948,1,-0.82661,negative,en
1,537,1,-0.877083,negative,en
1,617,1,0.495415,positive,en
1,930,1,0.970704,positive,en
1,1185,1,-0.998518,negative,en
1,439,1,-0.984761,negative,en
1,741,1,0.673832,positive,en
1,1187,1,0.41145,positive,en
1,1666,1,-0.5282,negative,en
1,439,1,-0.993418,negative,en
1,920,1,-0.960349,negative,en
1,545,1,0.872894,positive,en
1,590,1,-0.955682,negative,en
1,1792,1,-0.701062,negative,en
1,1084,1,-0.939975,negative,en
1,1073,1,0,neutral,en
1,539,1,-0.999223,negative,en
1,206,1,-0.999999,negative,en
1,734,1,-0.985441,negative,en
1,964,1,-0.962119,negative,en
1,3012,1,-0.771136,negative,en
1,1007,1,-0.665397,negative,en
1,402,1,0.491756,positive,en
1,1649,1,-0.804327,negative,en
1,352,1,-0.977664,negative,en
1,1737,1,-0.996274,negative,en
1,1343,1,-0.691889,negative,en
1,738,1,-0.977088,negative,en
1,350,1,-0.851646,negative,en
1,794,1,-0.547192,negative,en
1,536,1,-0.918214,negative,en
1,377,1,-0.612808,negative,en
1,2216,1,-0.958492,negative,en
1,1319,1,-0.988629,negative,en
1,1907,1,-0.783808,negative,en
1,1702,1,-0.383744,negative,en
1,2559,1,0.869184,positive,en
1,663,1,-0.99233,negative,en
1,696,1,-0.990275,negative,en
1,465,1,-0.947754,negative,en
1,474,1,-0.389859,negative,en
1,1134,1,-0.967008,negative,en
1,745,1,-0.996108,negative,en
1,1593,1,-0.872787,negative,en
1,551,1,-0.999738,negative,en
1,305,1,-0.989697,negative,en
1,1651,1,-0.980987,negative,en
1,946,1,0.673994,positive,en
1,1583,1,0.321844,positive,en
1,1153,1,-0.798558,negative,en
1,525,1,-0.694264,negative,en
1,866,1,-0.527215,negative,en
1,1554,1,0.842115,positive,en
1,559,1,-0.955401,negative,en
1,325,1,-0.844719,negative,en
1,171,1,-0.998185,negative,en
1,1346,1,0.368643,positive,en
1,426,1,0.430391,positive,en
1,1268,1,-0.999881,negative,en
1,294,1,0.834113,positive,en
1,541,1,-0.322602,negative,en
1,534,1,-0.99921,negative,en
1,546,1,0.647589,positive,en
1,746,1,0.981588,positive,en
1,378,1,-0.999977,negative,en
1,292,1,0.647831,positive,en
1,1366,1,-0.997002,negative,en
1,379,1,0.979364,positive,en
1,674,1,-0.5,negative,en
1,1661,1,-0.787657,negative,en
1,1446,1,0.442181,positive,en
1,806,1,-0.993748,negative,en
1,410,1,-0.999466,negative,en
1,765,1,-0.749479,negative,en
1,1855,1,-0.705493,negative,en
1,782,1,-0.966679,negative,en
1,429,1,-0.412379,negative,en
1,579,1,-0.612509,negative,en
1,1831,1,-0.98906,negative,en
1,669,1,-0.532413,negative,en
1,1281,1,-0.677196,negative,en
1,347,1,0.418435,positive,en
1,227,1,-0.47202,negative,en
1,627,1,0.991353,positive,en
1,532,1,0.938505,positive,en
1,516,1,-0.901914,negative,en
1,424,1,-0.999288,negative,en
1,1486,1,-0.874779,negative,en
1,1051,1,-0.408302,negative,en
1,716,1,-0.871929,negative,en
1,1086,1,-0.8438,negative,en
1,383,1,-0.951808,negative,en
1,584,1,-0.96938,negative,en
1,1923,1,-0.781121,negative,en
1,578,1,-0.61183,negative,en
1,1175,1,-0.73675,negative,en
1,798,1,0.355828,positive,en
1,596,1,0.965283,positive,en
1,755,1,0.72942,positive,en
1,701,1,-0.943302,negative,en
1,123,1,-0.846239,negative,en
1,1102,1,0.694208,positive,en
1,467,1,-0.998705,negative,en
1,912,1,-0.790913,negative,en
1,657,1,-0.96901,negative,en
1,610,1,0.537898,positive,en
1,718,1,0.993551,positive,en
1,831,1,-0.999388,negative,en
1,275,1,0.985344,positive,en
1,1404,1,0.409996,positive,en
1,213,1,0.802102,positive,en
1,324,1,0.99606,positive,en
1,404,1,-0.991386,negative,en
1,512,1,-0.961532,negative,en
1,404,1,-0.667862,negative,en
1,1198,1,0.883939,positive,en
1,919,1,0.944918,positive,en
1,767,1,0.917114,positive,en
1,1323,1,-0.917851,negative,en
1,1600,1,-0.996554,negative,en
1,3228,1,0.878214,positive,en
1,464,1,0.578431,positive,en
1,526,1,-0.872532,negative,en
1,842,1,-0.888249,negative,en
1,774,1,-0.906112,negative,en
1,1895,1,-0.984827,negative,en
1,931,1,-0.443548,negative,en
1,864,1,-0.804981,negative,en
1,181,1,0.988738,positive,en
1,508,1,-0.980205,negative,en
1,1286,1,-0.7414,negative,en
1,381,1,0.95196,positive,en
1,451,1,0.338484,positive,en
1,692,1,-0.580556,negative,en
1,719,1,-0.998115,negative,en
1,299,1,-0.967561,negative,en
1,434,1,-0.562973,negative,en
1,420,1,-0.581033,negative,en
1,1086,1,-0.341651,negative,en
1,1765,1,-0.895575,negative,en
1,855,1,-0.612678,negative,en
1,648,1,-0.883754,negative,en
1,544,1,0.923632,positive,en
1,536,1,-0.822316,negative,en
1,440,1,-0.999902,negative,en
1,481,1,0.805448,positive,en
1,635,1,-0.995722,negative,en
1,523,1,-0.979063,negative,en
1,605,1,-0.999498,negative,en
1,121,1,0.403259,positive,en
1,512,1,-0.6633,negative,en
1,383,1,-0.587481,negative,en
1,703,1,0.533898,positive,en
1,690,1,0.725165,positive,en
1,150,1,-0.852083,negative,en
1,747,1,0.986164,positive,en
1,568,1,-0.653933,negative,en
1,1070,1,-0.909347,negative,en
1,917,1,0.443631,positive,en
1,820,1,-0.423679,negative,en
1,232,1,-0.967841,negative,en
1,1298,1,-0.663566,negative,en
1,889,1,-0.999722,negative,en
1,674,1,-0.998033,negative,en
1,1498,1,-0.968561,negative,en
1,367,1,0.381674,positive,en
1,1683,1,-0.745899,negative,en
1,2723,1,-0.963992,negative,en
1,1482,1,-0.880098,negative,en
1,1335,1,0.787643,positive,en
1,667,1,-0.808802,negative,en
1,1935,1,0.538619,positive,en
1,428,1,0.922884,positive,en
1,387,1,0.597087,positive,en
1,388,1,-0.869167,negative,en
1,1034,1,-0.768963,negative,en
1,2776,1,-0.971668,negative,en
1,228,1,0.664778,positive,en
1,742,1,0.82444,positive,en
1,474,1,-0.581204,negative,en
1,1973,1,0.350332,positive,en
1,433,1,0.984037,positive,en
1,472,1,0.447084,positive,en
1,802,1,0.97247,positive,en
1,609,1,-0.992599,negative,en
1,670,1,-0.988509,negative,en
1,567,1,-0.568871,negative,en
1,457,1,-0.982439,negative,en
1,428,1,-0.999976,negative,en
1,285,1,-0.997258,negative,en
1,651,1,-0.998919,negative,en
1,1723,1,-0.769947,negative,en
1,170,1,-0.986841,negative,en
1,3023,1,0.387964,positive,en
1,626,1,-0.729912,negative,en
1,1381,1,0.9939,positive,en
1,1826,1,-0.855489,negative,en
1,260,1,0.998554,positive,en
1,537,1,-0.707293,negative,en
1,465,1,-0.924692,negative,en
1,746,1,0.811847,positive,en
1,521,1,0.795833,positive,en
1,743,1,-0.999982,negative,en
1,1220,1,-0.988507,negative,en
1,1315,1,0.550165,positive,en
1,390,1,-0.704188,negative,en
1,211,1,-0.651028,negative,en
1,686,1,-0.996525,negative,en
1,587,1,-0.999523,negative,en
1,1002,1,0.802385,positive,en
1,466,1,-0.522515,negative,en
1,1148,1,-0.903658,negative,en
1,726,1,-0.863175,negative,en
1,1788,1,0.612424,positive,en
1,455,1,0,neutral,en
1,698,1,-0.955597,negative,en
1,171,1,0.980795,positive,en
1,381,1,-0.999627,negative,en
1,1768,1,-0.703364,negative,en
1,510,1,0.954365,positive,en
1,989,1,0.430504,positive,en
1,1195,1,0.791676,positive,en
1,395,1,0.990158,positive,en
1,1200,1,0.518133,positive,en
1,1771,1,-0.779818,negative,en
1,238,1,0.830333,positive,en
1,884,1,0.330653,positive,en
1,1472,1,-0.681567,negative,en
1,430,1,0.971031,positive,en
1,629,1,0.910796,positive,en
1,1682,1,-0.998932,negative,en
1,544,1,-0.680695,negative,en
1,418,1,-0.953724,negative,en
1,722,1,0.570632,positive,en
1,390,1,-0.991917,negative,en
1,449,1,-0.542861,negative,en
1,538,1,-0.617362,negative,en
1,644,1,-0.993161,negative,en
1,184,1,-0.990726,negative,en
1,679,1,0.851511,positive,en
1,456,1,0.726546,positive,en
1,866,1,-0.347683,negative,en
1,313,1,-0.793506,negative,en
1,1016,1,-0.953351,negative,en
1,500,1,-0.999567,negative,en
1,1013,1,-0.664436,negative,en
1,347,1,-0.836134,negative,en
1,1043,1,-0.323364,negative,en
1,137,1,0.58098,positive,en
1,885,1,-0.923425,negative,en
1,749,1,-0.723719,negative,en
1,180,1,-0.701361,negative,en
1,488,1,0.974107,positive,en
1,631,1,-0.980733,negative,en
1,463,1,-0.825086,negative,en
1,227,1,0.862398,positive,en
1,2230,1,-0.836202,negative,en
1,517,1,-0.921497,negative,en
1,950,1,-0.41792,negative,en
1,169,1,0.995836,positive,en
1,511,1,0.994561,positive,en
1,554,1,-0.378215,negative,en
1,1257,1,-0.96953,negative,en
1,1704,1,-0.778914,negative,en
1,2083,1,0.782603,positive,en
1,1926,1,-0.853236,negative,en
1,1917,1,-0.973132,negative,en
1,649,1,-0.787772,negative,en
1,671,1,0.917175,positive,en
1,412,1,0.995958,positive,en
1,526,1,-0.754067,negative,en
1,237,1,0.464074,positive,en
1,1090,1,-0.642589,negative,en
1,295,1,0.99639,positive,en
1,752,1,-0.689821,negative,en
1,1161,1,0.695642,positive,en
1,870,1,-0.993631,negative,en
1,442,1,-0.507752,negative,en
1,345,1,-0.966278,negative,en
1,3161,1,-0.315033,negative,en
1,1390,1,0.783263,positive,en
1,582,1,-0.967772,negative,en
1,719,1,-0.985488,negative,en
1,321,1,0.988514,positive,en
1,431,1,-0.998213,negative,en
1,954,1,-0.764753,negative,en
1,1782,1,-0.74742,negative,en
1,612,1,-0.996867,negative,en
1,533,1,-0.536857,negative,en
1,636,1,-0.998511,negative,en
1,393,1,-0.692089,negative,en
1,2010,1,-0.672711,negative,en
1,981,1,-0.625438,negative,en
1,902,1,0.713927,positive,en
1,496,1,-0.997893,negative,en
1,436,1,0.736172,positive,en
1,645,1,-0.732278,negative,en
1,562,1,-0.999764,negative,en
1,438,1,0.913305,positive,en
1,2011,1,-0.921209,negative,en
1,924,1,-0.748376,negative,en
1,773,1,-0.969802,negative,en
1,1063,1,-0.999506,negative,en
1,387,1,-0.830255,negative,en
1,566,1,-0.998053,negative,en
1,574,1,0.945395,positive,en
1,290,1,-0.965998,negative,en
1,2406,1,-0.325002,negative,en
1,1328,1,0,neutral,en
1,729,1,0.798011,positive,en
1,630,1,-0.996829,negative,en
1,1085,1,-0.992232,negative,en
1,1238,1,-0.896202,negative,en
1,1606,1,-0.548576,negative,en
1,715,1,0.540845,positive,en
1,914,1,-0.999999,negative,en
1,883,1,-0.889779,negative,en
1,996,1,-0.791339,negative,en
1,472,1,-0.990377,negative,en
1,511,1,0.709396,positive,en
1,696,1,0.464579,positive,en
1,675,1,-0.871216,negative,en
1,624,1,-0.554399,negative,en
1,419,1,0.854225,positive,en
1,413,1,-0.999643,negative,en
1,1852,1,-0.424516,negative,en
1,249,1,0.539091,positive,en
1,569,1,0.943167,positive,en
1,936,1,0.479174,positive,en
1,524,1,-0.495611,negative,en
1,100,1,-0.361578,negative,en
1,907,1,-0.999988,negative,en
1,2582,1,-0.518571,negative,en
1,549,1,0.879035,positive,en
1,1381,1,-0.915209,negative,en
1,651,1,-0.973713,negative,en
1,506,1,-0.927615,negative,en
1,1800,1,-0.753726,negative,en
1,784,1,0.590814,positive,en
1,2119,1,-0.948805,negative,en
1,486,1,0.449067,positive,en
1,505,1,-0.827445,negative,en
1,544,1,-0.753624,negative,en
1,1002,1,-0.9806,negative,en
1,1522,1,-0.880314,negative,en
1,878,1,-0.997205,negative,en
1,289,1,0.859202,positive,en
1,1140,1,-0.896557,negative,en
1,721,1,-0.904861,negative,en
1,1037,1,-0.968558,negative,en
1,496,1,-0.958828,negative,en
1,1089,1,-0.429432,negative,en
1,1528,1,-0.81547,negative,en
1,2389,1,-0.738281,negative,en
1,1068,1,0.961962,positive,en
1,694,1,0.735514,positive,en
1,634,1,-0.999944,negative,en
1,1250,1,-0.52916,negative,en
1,324,1,-0.734126,negative,en
1,2285,1,0.642297,positive,en
1,590,1,-0.776246,negative,en
1,1158,1,0.920969,positive,en
1,291,1,-0.988079,negative,en
1,1775,1,-0.417476,negative,en
1,995,1,0.79709,positive,en
1,1058,1,0.629527,positive,en
1,818,1,-0.661249,negative,en
1,2020,1,0,neutral,en
1,231,1,0.334573,positive,en
1,679,1,-0.952641,negative,en
1,662,1,0.752929,positive,en
1,437,1,-0.98867,negative,en
1,439,1,-0.561303,negative,en
1,1377,1,0.611444,positive,en
1,252,1,0.396021,positive,en
1,2230,1,0.478705,positive,en
1,582,1,0.86585,positive,en
1,251,1,0.996861,positive,en
1,386,1,0.964508,positive,en
1,642,1,0.766205,positive,en
1,897,1,0.93083,positive,en
1,432,1,-0.965947,negative,en
1,411,1,-0.338171,negative,en
1,540,1,0.91247,positive,en
1,663,1,0.999414,positive,en
1,538,1,0.738271,positive,en
1,951,1,-0.902769,negative,en
1,387,1,0.834651,positive,en
1,849,1,0.862592,positive,en
1,421,1,0.593624,positive,en
1,982,1,0.461651,positive,en
1,808,1,-0.999082,negative,en
1,192,1,0.942464,positive,en
1,640,1,0.951368,positive,en
1,611,1,0.997099,positive,en
1,512,1,-0.996501,negative,en
1,1097,1,-0.948004,negative,en
1,906,1,-0.998904,negative,en
1,524,1,0.907894,positive,en
1,884,1,-0.991812,negative,en
1,159,1,0.464249,positive,en
1,983,1,-0.886903,negative,en
1,2091,1,0,neutral,en
1,1153,1,-0.99405,negative,en
1,731,1,-0.537127,negative,en
1,1441,1,0.989918,positive,en
1,1251,1,-0.714505,negative,en
1,1213,1,0.793395,positive,en
1,660,1,-0.974367,negative,en
1,1540,1,-0.999959,negative,en
1,341,1,0.98943,positive,en
1,2054,1,-0.836102,negative,en
1,544,1,-0.997348,negative,en
1,696,1,0,neutral,en
1,1893,1,-0.790609,negative,en
1,303,1,-0.988964,negative,en
1,463,1,-0.37601,negative,en
1,218,1,0.740047,positive,en
1,931,1,-0.406679,negative,en
1,870,1,-0.359155,negative,en
1,2925,1,-0.996301,negative,en
1,571,1,0.402395,positive,en
1,1396,1,-0.970675,negative,en
1,428,1,0.999999,positive,en
1,1240,1,0.3273,positive,en
1,251,1,0.999173,positive,en
1,2381,1,-0.95541,negative,en
1,939,1,-0.80523,negative,en
1,533,1,0.629085,positive,en
1,476,1,0.979328,positive,en
1,747,1,0.674126,positive,en
1,425,1,-0.956867,negative,en
1,351,1,-0.996652,negative,en
1,444,1,0.961629,positive,en
1,641,1,0.432779,positive,en
1,478,1,-0.875297,negative,en
1,519,1,-0.980494,negative,en
1,913,1,-0.912173,negative,en
1,538,1,0.856646,positive,en
1,330,1,-0.99815,negative,en
1,2727,1,-0.327897,negative,en
1,530,1,-0.9622,negative,en
1,445,1,-0.968463,negative,en
1,690,1,-0.992214,negative,en
1,1438,1,0.730854,positive,en
1,2139,1,-0.321615,negative,en
1,532,1,-0.981256,negative,en
1,542,1,-0.998287,negative,en
1,991,1,-0.973012,negative,en
1,425,1,-0.962386,negative,en
1,1507,1,-0.979352,negative,en
1,2561,1,-0.550673,negative,en
1,744,1,-0.990491,negative,en
1,396,1,-0.995012,negative,en
1,700,1,0.989816,positive,en
1,1589,1,-0.345942,negative,en
1,540,1,-0.999971,negative,en
1,1086,1,-0.800354,negative,en
1,268,1,-0.529648,negative,en
1,405,1,-0.998415,negative,en
1,750,1,-0.730058,negative,en
1,625,1,0.62461,positive,en
1,68,1,-0.658994,negative,en
1,134,1,0.548404,positive,en
1,392,1,-0.849123,negative,en
1,514,1,-0.70037,negative,en
1,453,1,0.755573,positive,en
1,745,1,0.337607,positive,en
1,386,1,-0.995904,negative,en
1,1245,1,-0.658322,negative,en
1,159,1,-0.928436,negative,en
1,587,1,0.976257,positive,en
1,1274,1,-0.930351,negative,en
1,685,1,-0.981026,negative,en
1,648,1,-0.889482,negative,en
1,3034,1,-0.850193,negative,en
1,455,1,-0.95505,negative,en
1,891,1,-0.928354,negative,en
1,139,1,0.654107,positive,en
1,930,1,-0.969354,negative,en
1,1022,1,-0.335098,negative,en
1,622,1,0.821236,positive,en
1,2033,1,-0.993184,negative,en
1,664,1,-0.996255,negative,en
1,944,1,-0.616985,negative,en
1,1644,1,-0.770889,negative,en
1,991,1,0.6603,positive,en
1,647,1,-0.948251,negative,en
1,858,1,-0.880566,negative,en
1,561,1,0.973855,positive,en
1,52,1,0.980801,positive,en
1,237,1,-0.353247,negative,en
1,1056,1,0.544045,positive,en
1,543,1,-0.717985,negative,en
1,183,1,0.742036,positive,en
1,454,1,0.531096,positive,en
1,866,1,-0.866789,negative,en
1,871,1,0.821274,positive,en
1,688,1,-0.979385,negative,en
1,451,1,0.754154,positive,en
1,1301,1,0.954529,positive,en
1,499,1,0.786145,positive,en
1,935,1,-0.773951,negative,en
1,1858,1,-0.759441,negative,en
1,569,1,-0.610354,negative,en
1,2327,1,-0.931543,negative,en
1,845,1,-0.737054,negative,en
1,492,1,0.485341,positive,en
1,622,1,-0.797229,negative,en
1,338,1,-0.966873,negative,en
1,2961,1,0.531672,positive,en
1,570,1,0.951703,positive,en
1,1583,1,-0.889487,negative,en
1,654,1,-0.635748,negative,en
1,608,1,-0.690487,negative,en
1,424,1,0.838338,positive,en
1,1298,1,0.671562,positive,en
1,491,1,-0.811878,negative,en
1,819,1,0.983114,positive,en
1,2303,1,-0.616896,negative,en
1,1058,1,0.385493,positive,en
1,1754,1,-0.987713,negative,en
1,1091,1,-0.705159,negative,en
1,1437,1,-0.984858,negative,en
1,542,1,-0.997521,negative,en
1,315,1,0.990353,positive,en
1,512,1,-0.630045,negative,en
1,378,1,-0.65786,negative,en
1,1148,1,-0.873742,negative,en
1,525,1,0.68956,positive,en
1,475,1,-0.796,negative,en
1,394,1,0.51808,positive,en
1,388,1,-0.966289,negative,en
1,1557,1,-0.600947,negative,en
1,399,1,0.953839,positive,en
1,1217,1,-0.975085,negative,en
1,531,1,0.988223,positive,en
1,866,1,-0.812765,negative,en
1,958,1,-0.730348,negative,en
1,954,1,-0.952765,negative,en
1,582,1,0.970567,positive,en
1,495,1,-0.970733,negative,en
1,435,1,-0.961983,negative,en
1,413,1,-0.921662,negative,en
1,423,1,-0.990338,negative,en
1,1851,1,-0.343382,negative,en
1,515,1,-0.85797,negative,en
1,1063,1,-0.518795,negative,en
1,690,1,-0.9814,negative,en
1,729,1,-0.998027,negative,en
1,571,1,-0.958488,negative,en
1,1039,1,-0.999514,negative,en
1,413,1,-0.522539,negative,en
1,694,1,0.309186,positive,en
1,859,1,-0.923185,negative,en
1,487,1,-0.409144,negative,en
1,791,1,0.796622,positive,en
1,848,1,-0.997371,negative,en
1,1159,1,0.990682,positive,en
1,295,1,0.901119,positive,en
1,486,1,0.545718,positive,en
1,944,1,0.825951,positive,en
1,439,1,-0.98815,negative,en
1,1860,1,0.669716,positive,en
1,876,1,0.893923,positive,en
1,524,1,0.530847,positive,en
1,373,1,0.519042,positive,en
1,690,1,-0.998847,negative,en
1,946,1,-0.899641,negative,en
1,841,1,0.996512,positive,en
1,623,1,-0.758313,negative,en
1,435,1,-0.998988,negative,en
1,940,1,0.684722,positive,en
1,469,1,-0.808945,negative,en
1,501,1,-0.863928,negative,en
1,268,1,-0.529205,negative,en
1,578,1,0.590266,positive,en
1,1796,1,-0.8288,negative,en
1,194,1,0.964796,positive,en
1,1002,1,0.854845,positive,en
